"hgvsp","Germline.classification","referenceSet"
"p.Met1Val","Pathogenic","Positive"
"p.Met1Leu","Pathogenic","Positive"
"p.Met1Thr","Pathogenic","Positive"
"p.Met1Arg","Pathogenic","Positive"
"p.Met1Lys","Pathogenic","Positive"
"p.Arg8His","Likely pathogenic","Positive"
"p.Arg9Pro","Likely pathogenic","Positive"
"p.Arg12Gly","Likely pathogenic","Positive"
"p.Arg15Gly","Likely pathogenic","Positive"
"p.Arg15Cys","Likely pathogenic","Positive"
"p.Arg15His","Pathogenic","Positive"
"p.Arg15Leu","Pathogenic","Positive"
"p.Thr16Ala","Likely pathogenic","Positive"
"p.Thr16Arg","Likely pathogenic","Positive"
"p.Thr16Met","Pathogenic","Positive"
"p.Ile18Met","Likely pathogenic","Positive"
"p.Ala21Val","Pathogenic","Positive"
"p.Leu28Pro","Pathogenic/Likely pathogenic","Positive"
"p.Leu29Pro","Pathogenic","Positive"
"p.Gln44Pro","Likely pathogenic","Positive"
"p.Ala58Gly","Likely pathogenic","Positive"
"p.Ala58Asp","Likely pathogenic","Positive"
"p.Trp78Arg","Pathogenic","Positive"
"p.Leu81Pro","Likely pathogenic","Positive"
"p.Lys83Glu","Likely pathogenic","Positive"
"p.Tyr85Cys","Pathogenic/Likely pathogenic","Positive"
"p.Leu87Pro","Likely pathogenic","Positive"
"p.Tyr90His","Likely pathogenic","Positive"
"p.Tyr90Cys","Pathogenic","Positive"
"p.Arg92Trp","Pathogenic/Likely pathogenic","Positive"
"p.Arg92Gln","Likely pathogenic","Positive"
"p.Leu93Arg","Pathogenic/Likely pathogenic","Positive"
"p.Leu97Pro","Likely pathogenic","Positive"
"p.Arg139Gly","Likely benign","Negative"
"p.Gly155Ser","Pathogenic/Likely pathogenic","Positive"
"p.Pro166Leu","Benign/Likely benign","Negative"
"p.Arg174His","Benign/Likely benign","Negative"
"p.Thr183Asn","Benign","Negative"
"p.Pro200Leu","Likely benign","Negative"
"p.Gly240Ser","Likely benign","Negative"
"p.Arg247His","Likely benign","Negative"
"p.Pro252Leu","Benign/Likely benign","Negative"
"p.Ser278Arg","Benign","Negative"
"p.Asp288Glu","Likely benign","Negative"
"p.Arg303Gln","Likely benign","Negative"
"p.Pro326Leu","Pathogenic/Likely pathogenic","Positive"
"p.Pro400Leu","Benign/Likely benign","Negative"
"p.Val443Met","Likely benign","Negative"
"p.Ser464Phe","Likely benign","Negative"
"p.Arg465Gln","Likely benign","Negative"
"p.Arg471Cys","Benign/Likely benign","Negative"
"p.Asp503Asn","Benign/Likely benign","Negative"
"p.Pro539Leu","Pathogenic/Likely pathogenic","Positive"
