"hgvs_pro,score,se,df,llr,llrCI_lower,llrCI_upper,evidence_weight,ClinVarType,pos,class,SNVaccessible",,,,,,,,,ACMG,ClinVar Class,Reclass?,Final class,Reclass due to functional map?
"p.Thr3Pro,-0.053563156,0.454686972,28,1.149236158,-0.755,1.911,patho.moderate,VUS,3,,yes",,,,,,,,,PS3_mod+PM2_supp+BP4,VUS,No,VUS,-
"p.Asp4Asn,0.245222898,0.26916125,16,0.45618043,-0.217,1.757,patho.support,VUS,4,,yes",,,,,,,,,PS3_supp+PM2_supp,VUS,No,VUS,-
"p.Asp4Val,0.201824231,0.241311596,32,0.534591563,-0.094,1.877,patho.support,VUS,4,,yes",,,,,,,,,PS3_supp+PM2_supp,VUS,No,VUS,-
"p.Ala5Leu,1.000014358,0.510327003,44,-1.135497502,-1.243,0.006,benign.strong,VUS,5,,no",,,,,,,,,BS3_strong+PM2_supp,VUS,No,VUS,-
"p.Ala5Thr,1.041581421,0.379425054,16,-1.193395022,-1.499,-0.049,benign.strong,VUS,5,,yes",,,,,,,,,BS3_strong+BP4,VUS,Yes,LB,Yes
"p.Arg8Cys,0.13142462,0.115688782,16,0.69227952,0.506,1.015,patho.moderate,Conflicting,8,,yes",,,,,,,,,PS3_mod+PM3_strong+PM2_supp+PM5_supp+PP4_mod+PP3,"Conflicting: VUS, LP",Yes,P,No
"p.Arg8His,-0.285532073,0.194767532,16,1.940442594,1.088,1.999,patho.strong,P/LP,8,,yes",,,,,,,,,PS3_strong+PM2_supp+PM5_supp+PP3,LP,No,LP,-
"p.Arg9Pro,0.671061123,0.538391819,24,-0.302692172,-1.4,1.795,benign.support,P/LP,9,,yes",,,,,,,,,BS3_supp+PM2_supp+PP3,P/LP,Yes,VUS,Yes
"p.Leu13Pro,0.274793672,0.300524461,24,0.411725044,-0.717,1.504,patho.support,VUS,13,,yes",,,,,,,,,PS3_supp+PM3_mod+PM2_supp+PP3+PP4_supp,VUS,Yes,LP,Yes
"p.His14Pro,-0.256069382,0.643381221,28,1.969063176,-0.247,1.978,patho.strong,VUS,14,,yes",,,,,,,,,PS3_strong+PM2_supp+PM1_supp,VUS,Yes,LP,Yes
"p.Arg15Cys,-0.257241255,0.169829554,16,1.967973024,0.9,2.004,patho.strong,P/LP,15,,yes",,,,,,,,,PS3_strong+PP4_mod+PM2_supp+PP3+PM5_mod,LP,No,P,-
"p.Arg15Gly,-0.348906314,0.318665569,28,1.865682232,0.152,1.908,patho.strong,P/LP,15,,yes",,,,,,,,,PS3_strong+PM2_supp+PP3+PM5_mod,LP,No,LP,-
"p.Arg15His,-0.146176488,0.190280741,12,1.495897233,0.233,2.009,patho.strong,P/LP,15,,yes",,,,,,,,,PS3_strong+PM3_mod+PM2_supp+PP3+PM5_mod+PP4_mod,P,No,P,-
"p.Arg15Leu,0.370027285,0.32033739,44,0.308043482,-0.327,1.534,patho.support,P/LP,15,,yes",,,,,,,,,PS3_supp+PM3_mod+PM5_mod+PM2_supp+PP3+PP4_mod,P,No,LP,-
"p.Thr16Ala,-0.418956773,0.836947379,28,1.74668745,0,1.874,patho.strong,P/LP,16,,yes",,,,,,,,,PS3_strong+PM2_supp+PP3+PM5_supp,LP,No,LP,-
"p.Thr16Arg,-0.016632651,0.313428331,32,1.084589211,0.3,1.721,patho.moderate,P/LP,16,,yes",,,,,,,,,PS3_mod+PM5_mod+PP4_mod+PM3_supp+PP3+PM2_supp,LP,No,LP,-
"p.Thr16Met,0.202828943,0.116611549,8,0.532618293,0.316,0.832,patho.support,P/LP,16,,yes",,,,,,,,,PS3_mod+PM2_supp+PP3+PM3_strong+PM5_mod+PP4_mod,P,No,P,-
"p.Glu17Ala,0.779797853,0.585345274,28,-0.643062068,-1.586,1.128,benign.support,VUS,17,,yes",,,,,,,,,BS3_supp+PM2_supp+PP3,VUS,No,VUS,-
"p.Glu17Asp,1.422327131,0.718196292,16,-1.336579023,-1.453,0.784,benign.strong,VUS,17,,yes",,,,,,,,,BS3_strong+PM2_supp,VUS,No,VUS,-
"p.Ala19Thr,-0.101827431,0.306162979,24,1.28528316,0.492,1.89,patho.moderate,VUS,19,,yes",,,,,,,,,PS3_mod+PM2_supp+PP4_mod+PP3+PM3_mod,VUS,Yes,LP,No
"p.Ala21Val,0.277597062,0.234791404,32,0.408045254,-0.951,1.808,patho.support,P/LP,21,,yes",,,,,,,,,PS3_supp+PP4_mod+PM3_mod+PM2_supp+PP3,P/LP,No,LP,-
"p.Val22Gly,-0.056389456,0.389636584,32,1.155919227,-0.119,1.891,patho.moderate,VUS,22,,yes",,,,,,,,,PS3_mod+PP3+PM2_supp,VUS,No,VUS,-
"p.Asp23Asn,-0.302656566,1.109878409,16,1.923323441,-0.706,0.352,patho.strong,VUS,23,,yes",,,,,,,,,PS3_strong+PM2_supp,VUS,No,VUS,-
"p.Asp23Gly,0.030952857,0.520473861,32,1.020935341,-0.767,1.346,patho.moderate,VUS,23,,yes",,,,,,,,,PS3_mod+PP3+PM2_supp,VUS,No,VUS,-
"p.Ala25Pro,0.791859257,0.570928227,12,-0.687791566,-1.235,1.647,benign.support,VUS,25,,yes",,,,,,,,,BS3_supp+PM2_supp,VUS,No,VUS,-
"p.Leu28Pro,0.008837836,0.330262799,24,1.053676775,0.377,1.882,patho.moderate,P/LP,28,,yes",,,,,,,,,PS3_strong+PP4_supp+PP3+PM2_supp+PM3_mod,P/LP,No,LP,-
"p.Leu29Pro,-0.137843188,0.540195928,32,1.443667309,0.031,1.791,patho.strong,P/LP,29,,yes",,,,,,,,,PS3_strong+PM3_mod+PM2_supp+PP3+PP4_mod,P,No,P,-
"p.Ala31Val,-0.007964831,0.324217975,32,1.072104235,0.219,1.82,patho.moderate,VUS,31,,yes",,,,,,,,,PS3_mod+PM2_supp,VUS,No,VUS,-
"p.Asp36Glu,1.337295036,0.572969037,12,-1.226129654,-1.512,0,benign.strong,VUS,36,,yes",,,,,,,,,BS3_strong+BP4,VUS,Yes,LB,Yes
"p.Val38Phe,-0.138273638,0.197240628,16,1.446178981,1.101,2.017,patho.strong,VUS,38,,yes",,,,,,,,,PS3_strong+PM2_supp+PP3,VUS,Yes,LP,Yes
"p.Pro39Leu,-0.074673994,0.478930655,32,1.20232104,0.23,1.924,patho.moderate,VUS,39,,yes",,,,,,,,,PS3_mod+PM2_supp+PP4_supp,VUS,No,VUS,-
"p.Asp41Gly,0.147036053,0.570765126,20,0.662239624,-1.195,1.93,patho.moderate,VUS,41,,yes",,,,,,,,,PS3_mod+PM2_supp+PP3,VUS,No,VUS,-
"p.Gln44Pro,-0.185130344,0.276982091,24,1.969434899,0.794,2.005,patho.strong,P/LP,44,,yes",,,,,,,,,PS3_strong+PM2_supp+PP3+PP4_supp,LP,No,LP,-
"p.Lys50Arg,0.745408591,0.420219802,28,-0.499598831,-1.548,0.975,benign.support,VUS,50,,yes",,,,,,,,,BS3_supp+PM2_supp,VUS,No,VUS,-
"p.Pro56Leu,-0.062907027,0.364355849,48,1.171792758,0.126,1.976,patho.moderate,VUS,56,,yes",,,,,,,,,PM3_mod+PM2_supp+PP3,VUS,No,VUS,-
"p.Gln57Glu,0.684720606,0.538041922,12,-0.334225478,-1.251,1.303,benign.support,VUS,57,,yes",,,,,,,,,BS3_supp+PM2_supp,VUS,No,VUS,-
"p.Gln57Pro,-0.526867228,0.524323086,32,1.53036408,0,1.983,patho.strong,VUS,57,,yes",,,,,,,,,PS3_strong+PM2_supp+PP3,VUS,Yes,LP,Yes
"p.Ala58Asp,0.158442719,0.100710007,12,0.631336365,0.324,1.069,patho.support,P/LP,58,,yes",,,,,,,,,PS3_supp+PM2_supp+PP3+PM5_supp+PM3_mod+PP4_mod,P/LP,No,LP,-
"p.Ala58Gly,-0.106735188,0.226705184,32,1.302795991,0.62,2.004,patho.moderate,P/LP,58,,yes",,,,,,,,,PS3_mod+PM2_supp+PP3+PM5_supp+PM3_mod+PP4_supp,P/LP,No,LP,-
"p.Ala58Thr,0.166375759,0.51842831,24,0.611230607,-0.482,1.876,patho.support,VUS,58,,yes",,,,,,,,,PS3_supp+PM2_supp+PP3+PM5_supp+PP4_mod,VUS,Yes,LP,Yes
"p.Leu63Met,-0.457931005,0.077708142,8,1.682253059,1.535,1.88,patho.strong,VUS,63,,yes",,,,,,,,,PS3_strong+PM2_supp+PP3+PM1_supp,VUS,Yes,LP,Yes
"p.Thr68Ala,0.312471524,0.276337051,32,0.367231121,0.121,0.914,patho.support,VUS,68,,yes",,,,,,,,,PS3_supp+PM2_supp+PP3+PM5_supp+PM3_supp+PP4_mod,VUS,Yes,LP,No
"p.Asp76Asn,-0.076994948,0.960577555,8,1.208666594,-0.945,1.956,patho.moderate,VUS,76,,yes",,,,,,,,,PS3_mod+PM2_supp,VUS,No,VUS,-
"p.Trp78Arg,-0.067712056,0.378751737,32,1.183946931,0.376,1.976,patho.moderate,P/LP,78,,yes",,,,,,,,,PS3_mod+PM2_supp+PP3+PS1_strong+PM3_strong+PP4_mod,P/LP,No,P,-
"p.Lys83Glu,-0.351175642,0.225301981,16,1.862542245,0,1.987,patho.strong,P/LP,83,,yes",,,,,,,,,PS3_strong+PM2_supp+PP3+PM3_mod+PP4_mod,P/LP,No,P,-
"p.Tyr85Cys,0.367073044,0.196710678,12,0.310961461,-0.358,0.497,patho.support,P/LP,85,,yes",,,,,,,,,PS3_supp+PM3_strong+PP4_mod+PM2_supp+PP3,P/LP,No,LP,-
"p.Leu87Pro,0.083241193,1.135621859,20,0.8105401,-0.544,0.887,patho.moderate,P/LP,87,,yes",,,,,,,,,PS3_mod+PM3_mod+PP4_mod+PM2_supp+PP3,P/LP,No,LP,-
"p.Leu87Val,0.868721042,0.251212568,24,-0.880342562,-1.234,-0.236,benign.support,VUS,87,,yes",,,,,,,,,BS3_supp+PM2_supp+PM5_supp,VUS,No,VUS,-
"p.Arg89Leu,-0.164629128,0.71565659,28,1.650240978,-0.113,1.86,patho.strong,VUS,89,,yes",,,,,,,,,PS3_strong+PM2_supp+PP3,VUS,Yes,LP,Yes
"p.Tyr90Cys,0.197953718,0.2808154,16,0.542262856,-0.008,1.139,patho.support,P/LP,90,,yes",,,,,,,,,PS3_supp+PM2_supp+PP3+PM5_supp+PM3_mod+PP4_mod,P/LP,No,LP,-
"p.Tyr90His,0.364233515,0.194118491,16,0.313746771,-0.371,0.538,patho.support,P/LP,90,,yes",,,,,,,,,PS3_supp+PM2_supp+PP3_PM5_supp+PM3_mod+PP4_supp,P/LP,No,LP,-
"p.Arg92Trp,0.129950217,0.175122005,8,0.695234711,0.131,1.091,patho.moderate,P/LP,92,,yes",,,,,,,,,PS3_mod+PM2_supp+PP3+PM3_str+PP4_mod,P/LP,No,P,-
"p.Leu93Arg,0.025795434,0.413601252,48,1.037703245,0.122,1.94,patho.moderate,P/LP,93,,yes",,,,,,,,,PS3_mod+PM2_supp+PP3+PM3_mod+PP4_mod,P/LP,No,LP,-
"p.Leu93Gln,-0.188938746,0.282553131,12,2.025892598,0.586,2.001,patho.strong,Conflicting,93,,yes",,,,,,,,,PS3_strong+PM2_supp+PP3+PM5_supp,"Conflicting: VUS, LP",Yes,LP,Yes
"p.Pro95Ser,0.715021099,0.461719186,36,-0.407343338,-1.23,0.729,benign.support,VUS,95,,yes",,,,,,,,,BS3_supp+BP4,VUS,Yes,LB,Yes
"p.Gln108Leu,0.059315572,0.351810829,40,0.89077848,-0.738,1.284,patho.moderate,VUS,108,,yes",,,,,,,,,PS3_mod+PM2_supp,VUS,No,VUS,-
"p.Pro109Ala,0.959325268,0.958549218,32,-1.043812994,-1.215,1.793,benign.strong,VUS,109,,yes",,,,,,,,,BS3_strong+BP4,VUS,Yes,LB,Yes
"p.Pro109Leu,0.82137091,0.425372934,40,-0.782752557,-1.191,0.362,benign.support,VUS,109,,yes",,,,,,,,,BS3_supp+BP4,VUS,Yes,LB,Yes
"p.Arg110Gln,0.310216945,0.318860635,8,0.36959771,-0.747,1.601,patho.support,VUS,110,,yes",,,,,,,,,PS3_supp+PM2_supp,VUS,No,VUS,-
"p.Arg110Trp,1.502570889,0.208917308,8,-1.582853556,-1.621,0,benign.strong,VUS,110,,yes",,,,,,,,,BS3_strong+PM2_supp,VUS,No,VUS,-
"p.Lys111Thr,0.946995989,0.580693357,20,-1.020579764,-1.353,1.196,benign.strong,VUS,111,,yes",,,,,,,,,BS3_strong+PM2_supp,VUS,No,VUS,-
"p.Pro116Leu,1.070760951,0.431278538,48,-1.235669672,-1.522,-0.111,benign.strong,VUS,116,,yes",,,,,,,,,BS3_strong+BP4,VUS,Yes,LB,Yes
"p.Val118Ile,1.013701818,0.145129774,24,-1.158364708,-1.208,-0.602,benign.strong,VUS,118,,yes",,,,,,,,,BS3_strong+BP4,VUS,Yes,LB,Yes
"p.Pro119Thr,1.588969042,0.549439732,28,-1.090022085,-1.554,0.19,benign.support,VUS,119,,yes",,,,,,,,,BS3_supp+PM2_supp,VUS,No,VUS,-
"p.Leu122Phe,1.317848736,0.154044644,16,-1.215705801,-1.365,-1.183,benign.strong,VUS,122,,yes",,,,,,,,,BS3_strong+BP4,VUS,Yes,LB,Yes
"p.Pro124Leu,1.09095651,0.263862287,48,-1.259701859,-1.254,-0.067,benign.strong,Conflicting,124,,yes",,,,,,,,,BS3_strong+BP4,"Conflicting: VUS, LB",Yes,LB,Yes
"p.Pro126Ser,0.063254173,0.226597788,48,0.875391482,-0.28,1.996,patho.moderate,VUS,126,,yes",,,,,,,,,PM3_mod+PM2_supp,VUS,No,VUS,-
"p.Leu128Ile,1.190487479,0.191554333,16,-1.216340499,-1.421,-1.201,benign.strong,VUS,128,,yes",,,,,,,,,BS3_strong+BP4,VUS,Yes,LB,Yes
"p.Pro129Ser,0.685284889,0.547606623,40,-0.335410518,-1.185,1.147,benign.support,VUS,129,,yes",,,,,,,,,BS3_supp+PM2_supp,VUS,No,VUS,-
"p.Arg139Gly,1.199526436,0.279259227,32,-1.210982517,-1.34,0,benign.strong,B/LB,139,,yes",,,,,,,,,BS3_strong+BP4,B/LB,No,LB,-
"p.Arg139Pro,0.077613515,0.313993921,20,0.827406643,0.129,1.96,patho.moderate,VUS,139,,yes",,,,,,,,,PS3_mod+PM2_supp,VUS,No,VUS,-
"p.Ala142Ser,0.968483891,0.354434432,48,-1.061888983,-1.237,0.279,benign.strong,VUS,142,,yes",,,,,,,,,BS3_strong+BP4,VUS,Yes,LB,Yes
"p.Ala142Thr,0.703577752,0.467529216,32,-0.377499286,-1.231,1.323,benign.support,VUS,142,,yes",,,,,,,,,BS3_supp+BP4,VUS,Yes,LB,Yes
"p.Ala142Val,1.266007032,0.206894821,32,-1.194628126,-1.588,-0.189,benign.strong,VUS,142,,yes",,,,,,,,,BS3_strong+BP4,VUS,Yes,LB,Yes
"p.Ala144Thr,1.019895243,0.514713003,32,-1.16580629,-1.216,0.5,benign.strong,VUS,144,,yes",,,,,,,,,BS3_strong+BP4,VUS,Yes,LB,Yes
"p.Ala145Ser,1.39557585,0.577958736,48,-1.284701521,-1.407,0.44,benign.strong,VUS,145,,yes",,,,,,,,,BS3_strong+BP4,VUS,Yes,LB,Yes
"p.Leu146Pro,0.730466685,0.353542748,32,-0.450259732,-1.189,0.502,benign.support,VUS,146,,yes",,,,,,,,,BS3_supp+PM2_supp,VUS,No,VUS,-
"p.Thr147Ile,1.160420026,0.470674338,24,-1.232029324,-1.44,0,benign.strong,VUS,147,,yes",,,,,,,,,BS3_strong+BP4,VUS,Yes,LB,Yes
"p.Pro148Leu,1.445301139,0.607775721,44,-1.40348875,-1.485,0,benign.strong,VUS,148,,yes",,,,,,,,,BS3_strong+BP4,VUS,Yes,LB,Yes
"p.Thr151Ile,1.296978506,0.258363073,24,-1.206070447,-1.29,-0.536,benign.strong,VUS,151,,yes",,,,,,,,,BS3_strong+BP4,VUS,Yes,LB,Yes
"p.Ala152Thr,1.318887762,0.641140046,24,-1.216223518,-1.233,0.158,benign.strong,VUS,152,,yes",,,,,,,,,BS3_strong+BP4,VUS,Yes,LB,Yes
"p.Ser153Gly,1.206835996,0.362418764,20,-1.206390224,-1.25,-0.119,benign.strong,VUS,153,,yes",,,,,,,,,BS3_strong+BP4,VUS,Yes,LB,Yes
"p.Pro154Leu,1.36083374,0.457888522,48,-1.241370798,-1.113,0,benign.strong,VUS,154,,yes",,,,,,,,,BS3_strong+PM2_supp,VUS,No,VUS,-
"p.Ser156Phe,1.526096828,0.138751543,16,-1.469256005,-1.542,-0.244,benign.strong,VUS,156,,yes",,,,,,,,,BS3_strong+PM2_supp,VUS,No,VUS,-
"p.Leu158Pro,0.722862221,0.549593357,28,-0.428695458,-1.235,1.064,benign.support,VUS,158,,yes",,,,,,,,,BS3_supp+BP4,VUS,Yes,LB,Yes
"p.Lys159Arg,1.481394647,0.410275911,40,-1.620378986,-1.518,0,benign.strong,VUS,159,,yes",,,,,,,,,BS3_strong+BP4,VUS,Yes,LB,Yes
"p.Ala160Val,1.37654783,0.532420939,32,-1.257500619,-1.45,0.102,benign.strong,VUS,160,,yes",,,,,,,,,BS3_strong+BP4,VUS,Yes,LB,Yes
"p.Pro162Leu,1.037807864,0.903914119,32,-1.188399274,-1.17,1.064,benign.strong,VUS,162,,yes",,,,,,,,,BS3_strong+BP4,VUS,Yes,LB,Yes
"p.Pro163His,0.674160362,0.30474943,12,-0.309859441,-1.246,0.619,benign.support,VUS,163,,yes",,,,,,,,,BS3_supp+BP4,VUS,Yes,LB,Yes
"p.Pro163Leu,0.899038841,0.458412544,44,-0.937590169,-1.226,0.296,benign.support,VUS,163,,yes",,,,,,,,,BS3_supp+BP4,VUS,Yes,LB,Yes
"p.Lys165Arg,0.87175922,0.692136412,28,-0.888267287,-1.422,1.273,benign.support,VUS,165,,yes",,,,,,,,,BS3_supp+PM2_supp,VUS,No,VUS,-
"p.Pro166Leu,0.950188508,0.490194382,48,-1.026488711,-1.325,0.758,benign.strong,B/LB,166,,yes",,,,,,,,,BS3_strong+BS1_strong+BP4,B/LB,No,B,-
"p.Ser169Arg,0.711488,0.956742101,36,-0.397976701,-1.215,1.728,benign.support,VUS,169,,yes",,,,,,,,,BS3_supp+BP4,VUS,Yes,LB,Yes
"p.Ala170Thr,0.747875527,0.485293328,12,-0.508274012,-1.183,1.3,benign.support,VUS,170,,yes",,,,,,,,,BS3_supp+BP4,VUS,Yes,LB,Yes
"p.Glu171Lys,0.709107185,0.612351012,16,-0.391745014,-1.277,1.18,benign.support,VUS,171,,yes",,,,,,,,,BS3_supp+PM2_supp,VUS,No,VUS,-
"p.Arg174Cys,0.349961302,0.276932693,16,0.327497778,-0.731,0.94,patho.support,VUS,174,,yes",,,,,,,,,PS3_supp+PM2_supp,VUS,No,VUS,-
"p.Arg174His,0.80523376,0.431070998,12,-0.730455551,-1.273,1.182,benign.support,B/LB,174,,yes",,,,,,,,,BS3_supp+BS1_strong+BP4,B/LB,No,B,-
"p.Pro176Leu,1.600906237,0.301632457,48,-0.998904078,-1.405,0,benign.support,VUS,176,,yes",,,,,,,,,BS3_supp+PM2_supp,VUS,No,VUS,-
"p.Asn179Ser,0.817725881,0.514179244,40,-0.770378087,-1.184,0.371,benign.support,VUS,179,,yes",,,,,,,,,BS3_supp+PM2_supp,VUS,No,VUS,-
"p.Gly180Arg,1.6295209,0.471493258,48,-0.742505401,-1.468,0,benign.support,VUS,180,,yes",,,,,,,,,BS3_supp,VUS,No,VUS,-
"p.Gln182Pro,0.264039533,0.283073157,24,0.426743835,-0.096,1.902,patho.support,VUS,182,,yes",,,,,,,,,PS3_supp+PM2_supp,VUS,No,VUS,-
"p.Thr183Asn,1.175070139,0.097812049,16,-1.224757363,-1.254,-1.156,benign.strong,B/LB,183,,yes",,,,,,,,,BS3_strong+BS1_strong,B/LB,No,B,-
"p.Met184Thr,0.688255039,0.468934739,40,-0.34180206,-1.115,1.701,benign.support,VUS,184,,yes",,,,,,,,,BS3_supp+BP4,VUS,Yes,LB,Yes
"p.Ala186Val,-0.207287196,0.237841907,64,2.010571316,0.718,1.814,patho.strong,VUS,186,,yes",,,,,,,,,PS3_strong+PM2_supp,VUS,No,VUS,-
"p.Ser187Leu,0.063049469,0.267151806,96,0.876175331,0.253,1.935,patho.moderate,VUS,187,,yes",,,,,,,,,PS3_mod+PM2_supp+PP4_supp+BP5_supp,VUS,No,VUS,-
"p.Met194Thr,0.367297426,0.337165084,56,0.31074057,-1.106,0.538,patho.support,VUS,194,,yes",,,,,,,,,PS3_supp+PM2_supp+BP4,VUS,No,VUS,-
"p.Met194Val,1.307733521,0.279838824,56,-1.210864118,-1.559,-0.84,benign.strong,VUS,194,,yes",,,,,,,,,BS3_strong+BP4,VUS,Yes,LB,Yes
"p.Ser196Tyr,0.775946837,0.111555467,32,-0.624684432,-1.072,-0.038,benign.support,VUS,196,,yes",,,,,,,,,BS3_supp+PM2_supp,VUS,No,VUS,-
"p.Gly197Ala,0.912135983,0.25069179,64,-0.959519276,-1.373,0.141,benign.support,VUS,197,,yes",,,,,,,,,BS3_supp+PM2_supp,VUS,No,VUS,-
"p.Gly197Arg,1.013968693,0.301063931,64,-1.158681952,-1.239,-0.847,benign.strong,Conflicting,197,,yes",,,,,,,,,BS3_strong+PM2_supp,"Conflicting, VUS/LB",No,VUS,-
"p.Gly197Glu,0.191581006,0.07928462,16,0.55515426,0.344,0.902,patho.support,VUS,197,,yes",,,,,,,,,PS3_supp+PM2_supp,VUS,No,VUS,-
"p.Val199Ile,1.372915118,0.243357776,48,-1.252947892,-1.364,-0.688,benign.strong,Conflicting,199,,yes",,,,,,,,,BS3_strong+BP4,"Conflicting, VUS/LB/B",Yes,LB,Yes
"p.Pro200Leu,1.117722578,0.196315004,64,-1.250116834,-1.251,-1.034,benign.strong,B/LB,200,,yes",,,,,,,,,BS3_strong+BP5,B/LB,No,LB,-
"p.Arg203Gln,1.12680573,0.046409096,16,-1.246593668,-1.257,-1.217,benign.strong,VUS,203,,yes",,,,,,,,,BS3_strong+BP4,VUS,Yes,LB,Yes
"p.Gly204Trp,0.133411019,0.074958591,16,0.688333202,0.42,1.058,patho.moderate,VUS,204,,yes",,,,,,,,,PS3_mod+PM2_supp+PP3,VUS,No,VUS,-
"p.Glu207Lys,0.169209157,0.094387176,16,0.604285445,0.272,0.75,patho.support,VUS,207,,yes",,,,,,,,,PS3_supp+PM2_supp,VUS,No,VUS,-
"p.Gln213Glu,0.718453179,0.364121344,24,-0.416588371,-1.173,1.212,benign.support,VUS,213,,yes",,,,,,,,,BS3_supp+PM2_supp,VUS,No,VUS,-
"p.Val214Ala,0.717321689,0.192391076,40,-0.413523827,-0.827,0.238,benign.support,VUS,214,,yes",,,,,,,,,BS3_supp+PM2_supp,VUS,No,VUS,-
"p.Gly219Ser,0.761248287,0.295461126,56,-0.558991943,-1.251,0.11,benign.support,Conflicting,219,,yes",,,,,,,,,BS3_supp+BP4,"Conflicting, VUS/LB",Yes,LB,Yes
"p.Ser220Phe,0.30496684,0.061990254,24,0.375580708,0.294,0.517,patho.support,VUS,220,,yes",,,,,,,,,PS3_supp+PM2_supp,VUS,No,VUS,-
"p.Lys221Asn,0.994819112,0.097981986,32,-1.121865466,-1.26,-0.94,benign.strong,VUS,221,,yes",,,,,,,,,BS3_strong+PM2_supp,VUS,No,VUS,-
"p.Gln225Lys,1.22853185,0.028172286,16,-1.194114264,-1.206,-1.193,benign.strong,VUS,225,,yes",,,,,,,,,BS3_strong+PM2_supp,VUS,No,VUS,-
"p.Thr232Ile,0.928199698,0.335555729,48,-0.987005848,-1.339,-0.141,benign.strong,VUS,232,,yes",,,,,,,,,BS3_strong+PM2_supp,VUS,No,VUS,-
"p.Thr232Pro,0.893792937,0.342661827,32,-0.928870908,-1.232,0.382,benign.support,VUS,232,,yes",,,,,,,,,BS3_supp+BP4,VUS,Yes,LB,Yes
"p.Asp238Ala,1.146312595,0.373054292,56,-1.238464951,-1.41,0.227,benign.strong,VUS,238,,yes",,,,,,,,,BS3_strong+PM2_supp,VUS,No,VUS,-
"p.Asp238His,1.341110954,0.249791455,32,-1.228380078,-1.608,-0.129,benign.strong,VUS,238,,yes",,,,,,,,,BS3_strong+PM2_supp,VUS,No,VUS,-
"p.Ser239Tyr,1.434867351,0.226232943,24,-1.369537407,-1.557,-0.913,benign.strong,VUS,239,,yes",,,,,,,,,BS3_strong+BP4,VUS,Yes,LB,Yes
"p.Gly240Ser,1.105025261,0.271638056,32,-1.254800948,-1.481,-0.116,benign.strong,B/LB,240,,yes",,,,,,,,,BS3_strong+BP4,B/LB,No,LB,-
"p.Ser241Ile,1.06010607,0.23169767,40,-1.219394787,-1.636,-0.703,benign.strong,VUS,241,,yes",,,,,,,,,BS3_strong+BP4,VUS,Yes,LB,Yes
"p.Lys245Gln,0.887294685,0.357517793,24,-0.91808938,-1.199,0.332,benign.support,VUS,245,,yes",,,,,,,,,BS3_supp+PM2_supp,VUS,No,VUS,-
"p.Lys245Glu,0.244823611,0.284667183,16,0.456835365,-0.312,1.089,patho.support,VUS,245,,yes",,,,,,,,,PS3_supp+PM2_supp,VUS,No,VUS,-
"p.Arg247Cys,1.050147383,0.709870287,24,-1.205092971,-1.42,1.009,benign.strong,VUS,247,,yes",,,,,,,,,BS3_strong+PM2_supp,VUS,No,VUS,-
"p.Ser248Gly,1.133881766,0.258309868,40,-1.243738818,-1.508,-0.398,benign.strong,VUS,248,,yes",,,,,,,,,BS3_strong+BP4,VUS,Yes,LB,Yes
"p.Ser250Cys,1.232118141,0.098301364,24,-1.193403093,-1.286,-1.193,benign.strong,VUS,250,,yes",,,,,,,,,BS3_strong+PM2_supp,VUS,No,VUS,-
"p.Ser250Gly,0.835066775,0.233859208,64,-0.816649925,-1.249,-0.127,benign.support,Conflicting,250,,yes",,,,,,,,,BS3_supp+BP4,"Conflicting, VUS/LB",Yes,LB,Yes
"p.Pro252Leu,1.149319138,0.274870964,72,-1.237135799,-1.495,-0.493,benign.strong,B/LB,252,,yes",,,,,,,,,BS3_strong+BS1_strong+BP4,B/LB,No,B,-
"p.Arg257Pro,0.935039705,0.261617574,40,-0.999009945,-1.251,0.091,benign.strong,VUS,257,,yes",,,,,,,,,BS3_strong+PM2_supp+PP3,VUS,No,VUS,-
"p.Ala258Gly,0.943379293,0.186880309,56,-1.013966489,-1.238,0.035,benign.strong,VUS,258,,yes",,,,,,,,,BS3_strong+BP4,VUS,Yes,LB,Yes
"p.Gln262Arg,0.909075589,0.228374511,88,-0.954366704,-1.255,-0.496,benign.support,VUS,262,,yes",,,,,,,,,BS3_supp+PM2_supp,VUS,No,VUS,-
"p.Ala265Thr,1.009753023,0.336130155,48,-1.153704463,-1.248,0.227,benign.strong,VUS,265,,yes",,,,,,,,,BS3_strong+BP4,VUS,Yes,LB,Yes
"p.Ala265Val,1.109648847,0.144866794,64,-1.253125868,-1.227,-0.939,benign.strong,VUS,265,,yes",,,,,,,,,BS3_strong+BP4,VUS,Yes,LB,Yes
"p.Glu270Lys,0.73481214,0.032304023,16,-0.463791616,-0.563,-0.388,benign.support,VUS,270,,yes",,,,,,,,,BS3_supp+BP4,VUS,Yes,LB,Yes
"p.Arg272Ser,1.020886936,0.298934534,72,-1.167013848,-1.227,0.194,benign.strong,VUS,272,,yes",,,,,,,,,BS3_strong+PM2_supp,VUS,No,VUS,-
"p.Gln275His,1.007463672,0.128571407,32,-1.15103055,-1.241,-0.866,benign.strong,Conflicting,275,,yes",,,,,,,,,BS3_strong+PM2_supp,"Conflicting, VUS/LB",No,VUS,-
"p.Gln276Arg,0.822184407,0.371773301,64,-0.785547849,-1.241,1.172,benign.support,VUS,276,,yes",,,,,,,,,BS3_supp+BP4,VUS,Yes,LB,Yes
"p.Ser278Arg,0.819236681,0.159210327,88,-0.775478005,-1.02,-0.224,benign.support,B/LB,278,,yes",,,,,,,,,BS3_supp+BA1,B/LB,No,B,-
"p.Pro280Ser,1.103267761,0.405823966,80,-1.255428944,-1.241,-0.162,benign.strong,VUS,280,,yes",,,,,,,,,BS3_strong+PM2_supp,VUS,No,VUS,-
"p.Ala281Thr,0.867469174,0.142877448,56,-0.877520072,-0.934,-0.195,benign.support,VUS,281,,yes",,,,,,,,,BS3_supp+BP4,VUS,Yes,LB,Yes
"p.Ala284Gly,1.033552989,0.21093708,64,-1.182872158,-1.227,-0.453,benign.strong,VUS,284,,yes",,,,,,,,,BS3_strong+BP4,VUS,Yes,LB,Yes
"p.Ala284Thr,0.876223382,0.202078653,48,-0.899696164,-1.212,-0.031,benign.support,VUS,284,,yes",,,,,,,,,BS3_supp+BP4,VUS,Yes,LB,Yes
"p.Pro286Ala,0.969605842,0.353407325,40,-1.064158651,-1.246,0.484,benign.strong,VUS,286,,yes",,,,,,,,,BS3_strong+BP4,VUS,Yes,LB,Yes
"p.Ser287Asn,1.131999728,0.325338707,32,-1.244508035,-1.308,0.005,benign.strong,VUS,287,,yes",,,,,,,,,BS3_strong+BP4,VUS,Yes,LB,Yes
"p.Pro289Thr,1.368778518,0.348193094,40,-1.247973739,-1.337,0,benign.strong,VUS,289,,yes",,,,,,,,,BS3_strong+BP4,VUS,Yes,LB,Yes
"p.Leu291Pro,1.261741382,0.11711094,24,-1.194334872,-1.409,-1.193,benign.strong,VUS,291,,yes",,,,,,,,,BS3_strong+BP4,VUS,Yes,LB,Yes
"p.Lys294Arg,1.165884665,0.298336326,56,-1.229392078,-1.484,-0.616,benign.strong,VUS,294,,yes",,,,,,,,,BS3_strong+PM2_supp,VUS,No,VUS,-
"p.Asn295Ser,0.920414075,0.260740063,88,-0.973578157,-1.314,-0.351,benign.strong,VUS,295,,yes",,,,,,,,,BS3_strong+PM2_supp+PP3,VUS,No,VUS,-
"p.Thr344Ile,0.747503499,0.154710392,40,-0.506956699,-0.99,0.017,benign.support,VUS,344,,yes",,,,,,,,,BS3_supp+PM2_supp,VUS,No,VUS,-
"p.Pro350Arg,1.178011862,0.23179279,96,-1.223215933,-1.253,-1.055,benign.strong,VUS,350,,yes",,,,,,,,,BS3_strong+BP4,VUS,Yes,LB,Yes
"p.Pro350Ser,0.947056624,0.174912008,96,-1.020691352,-1.225,-0.459,benign.strong,VUS,350,,yes",,,,,,,,,BS3_strong+BP4,VUS,Yes,LB,Yes
"p.Arg351Gln,1.442986732,0.165182864,16,-1.395329815,-1.629,0,benign.strong,VUS,351,,yes",,,,,,,,,BS3_strong+BP4,VUS,Yes,LB,Yes
"p.Arg351Gly,1.01977429,0.209326969,64,-1.165659321,-1.255,-0.284,benign.strong,VUS,351,,yes",,,,,,,,,BS3_strong+BP4,VUS,Yes,LB,Yes
"p.Arg351Leu,0.984541314,0.143333792,72,-1.096193433,-1.243,-1.025,benign.strong,VUS,351,,yes",,,,,,,,,BS3_strong+BP4,VUS,Yes,LB,Yes
"p.Arg351Trp,0.833352238,0.038852392,16,-0.813633088,-0.992,-0.611,benign.support,VUS,351,,yes",,,,,,,,,BS3_supp+PM2_supp,VUS,No,VUS,-
"p.Glu354Ala,0.949358107,0.191915695,48,-1.024945033,-1.26,-0.375,benign.strong,VUS,354,,yes",,,,,,,,,BS3_strong+BP4,VUS,Yes,LB,Yes
"p.Pro355Leu,1.111780418,0.188780897,96,-1.252342071,-1.257,-0.769,benign.strong,VUS,355,,yes",,,,,,,,,BS3_strong+BP4,VUS,Yes,LB,Yes
"p.Pro355Ser,0.930399107,0.213911269,96,-0.990842638,-1.356,0.148,benign.strong,VUS,355,,yes",,,,,,,,,BS3_strong+BP4,VUS,Yes,LB,Yes
"p.Pro355Thr,1.091305097,0.27056259,64,-1.259583765,-1.215,-0.719,benign.strong,VUS,355,,yes",,,,,,,,,BS3_strong+BP4,VUS,Yes,LB,Yes
"p.Arg356Gln,0.911924576,0.11788515,32,-0.959162653,-1.147,-0.749,benign.support,Conflicting,356,,yes",,,,,,,,,BS3_supp+BP4,"Conflicting, VUS/LB",Yes,LB,Yes
"p.Arg356Trp,0.963559681,0.01706664,16,-1.052074067,-1.137,-1.015,benign.strong,VUS,356,,yes",,,,,,,,,BS3_strong+PM2_supp,VUS,No,VUS,-
"p.Pro357Ser,0.934726683,0.12516107,96,-0.998455788,-1.218,-0.84,benign.strong,VUS,357,,yes",,,,,,,,,BS3_strong+PM2_supp,VUS,No,VUS,-
"p.Glu359Lys,0.820141216,0.099423832,32,-0.778550882,-1.195,-0.425,benign.support,VUS,359,,yes",,,,,,,,,BS3_supp+PM2_supp,VUS,No,VUS,-
"p.Pro361Ser,1.209991398,0.148184473,96,-1.204330203,-1.488,-0.924,benign.strong,VUS,361,,yes",,,,,,,,,BS3_strong+BP4,VUS,Yes,LB,Yes
"p.Val362Leu,0.999208474,0.159963234,80,-1.133351354,-1.25,-0.531,benign.strong,VUS,362,,yes",,,,,,,,,BS3_strong+BP4,VUS,Yes,LB,Yes
"p.Glu363Asp,0.916669126,0.049381631,32,-0.967193737,-1.088,-0.891,benign.strong,VUS,363,,yes",,,,,,,,,BS3_strong+PM2_supp,VUS,No,VUS,-
"p.Thr364Ile,0.828583199,0.270919504,48,-0.803869605,-1.256,0.21,benign.support,VUS,364,,yes",,,,,,,,,BS3_supp+PM2_supp,VUS,No,VUS,-
"p.Pro365Leu,1.071478719,0.28026107,72,-1.236806418,-1.493,-0.37,benign.strong,VUS,365,,yes",,,,,,,,,BS3_strong+PM2_supp,VUS,No,VUS,-
"p.Pro367Leu,0.763055616,0.359928134,72,-0.566650462,-1.25,0.199,benign.support,VUS,367,,yes",,,,,,,,,BS3_supp+BP4,VUS,Yes,LB,Yes
"p.Pro368Ala,1.200899688,0.256344631,48,-1.210138211,-1.525,-0.473,benign.strong,VUS,368,,yes",,,,,,,,,BS3_strong+BP4,VUS,Yes,LB,Yes
"p.Pro368Leu,1.011445133,0.226636341,56,-1.155693796,-1.244,-0.926,benign.strong,VUS,368,,yes",,,,,,,,,BS3_strong+BP4,VUS,Yes,LB,Yes
"p.Ser372Leu,0.938404936,0.211701929,32,-1.004999297,-1.393,-0.19,benign.strong,VUS,372,,yes",,,,,,,,,BS3_strong+BP4,VUS,Yes,LB,Yes
"p.Ala373Val,0.766310556,0.275979779,32,-0.580714774,-1.063,-0.032,benign.support,Conflicting,373,,yes",,,,,,,,,BS3_supp+BP4,"Conflicting, VUS/LB",Yes,LB,Yes
"p.Gly374Val,1.06741486,0.133107261,24,-1.230440248,-1.26,-0.987,benign.strong,VUS,374,,yes",,,,,,,,,BS3_strong+PM2_supp,VUS,No,VUS,-
"p.Glu376Asp,0.339585838,0.18269636,32,0.338427499,0.021,1.038,patho.support,VUS,376,,yes",,,,,,,,,PS3_supp+PM2_supp,VUS,No,VUS,-
"p.Arg378Gly,0.979783661,0.350327201,56,-1.085375217,-1.286,0.261,benign.strong,VUS,378,,yes",,,,,,,,,BS3_strong+PM2_supp,VUS,No,VUS,-
"p.Gly379Asp,1.238816375,0.211506994,24,-1.192729686,-1.439,-0.19,benign.strong,VUS,379,,yes",,,,,,,,,BS3_strong+PM2_supp,VUS,No,VUS,-
"p.Pro381Leu,1.126649366,0.207966722,64,-1.246655629,-1.24,-0.529,benign.strong,VUS,381,,yes",,,,,,,,,BS3_strong+BP4,VUS,Yes,LB,Yes
"p.Gly382Arg,1.028687225,0.321826716,96,-1.176679867,-1.315,0.113,benign.strong,VUS,382,,yes",,,,,,,,,BS3_strong+BP4,VUS,Yes,LB,Yes
"p.Pro384Leu,1.138220828,0.263475551,48,-1.24193691,-1.244,-0.616,benign.strong,VUS,384,,yes",,,,,,,,,BS3_strong+BP4,VUS,Yes,LB,Yes
"p.Gly387Ser,0.840179112,0.179241844,32,-0.825688636,-1.201,-0.115,benign.support,VUS,387,,yes",,,,,,,,,BS3_supp+BP4,VUS,Yes,LB,Yes
"p.Thr390Ala,0.740501595,0.31292194,40,-0.482740551,-1.242,0.133,benign.support,Conflicting,390,,yes",,,,,,,,,BS3_supp+BP4,"Conflicting, VUS/LB",Yes,LB,Yes
"p.Thr391Asn,0.851275184,0.206759907,24,-0.845599168,-1.186,-0.108,benign.support,VUS,391,,yes",,,,,,,,,BS3_supp+BP4,VUS,Yes,LB,Yes
"p.Pro398Arg,0.957542932,0.218542849,80,-1.04038187,-1.234,-0.378,benign.strong,VUS,398,,yes",,,,,,,,,BS3_strong+BP4,VUS,Yes,LB,Yes
"p.Pro398Leu,1.501414626,0.241792124,64,-1.587707358,-1.329,0,benign.strong,Conflicting,398,,yes",,,,,,,,,BS3_strong+BP4,"Conflicting, VUS/LB",Yes,LB,Yes
"p.Ala399Ser,0.79321013,0.357471501,24,-0.692462616,-1.308,0.954,benign.support,VUS,399,,yes",,,,,,,,,BS3_supp+BP4,VUS,Yes,LB,Yes
"p.Pro401Arg,1.146540393,0.121933198,56,-1.238365009,-1.33,-1.184,benign.strong,VUS,401,,yes",,,,,,,,,BS3_strong+PM2_supp,VUS,No,VUS,-
"p.Pro401Thr,0.717005464,0.332178826,40,-0.412670328,-1.257,0.464,benign.support,VUS,401,,yes",,,,,,,,,BS3_supp+PM2_supp,VUS,No,VUS,-
"p.Ser402Ala,1.053623421,0.243811086,48,-1.209993787,-1.405,0.012,benign.strong,VUS,402,,yes",,,,,,,,,BS3_strong+BP4,VUS,Yes,LB,Yes
"p.Ala403Thr,1.13706672,0.063022815,24,-1.24242013,-1.259,-1.197,benign.strong,Conflicting,403,,yes",,,,,,,,,BS3_strong+BS1_strong+BP4,"Conflicting, VUS/B",Yes,B,Yes
"p.Ala404Thr,1.039192301,0.145890697,24,-1.19022155,-1.237,-0.742,benign.strong,VUS,404,,yes",,,,,,,,,BS3_strong+BP4,VUS,Yes,LB,Yes
"p.Pro405Gln,0.684545682,0.165378063,16,-0.333858918,-0.686,0.295,benign.support,VUS,405,,yes",,,,,,,,,BS3_supp+PM2_supp,VUS,No,VUS,-
"p.Pro405Leu,0.801462366,0.353417323,80,-0.719602999,-1.229,1.552,benign.support,VUS,405,,yes",,,,,,,,,BS3_supp+PM2_supp,VUS,No,VUS,-
"p.Pro407Arg,0.823453941,0.309873114,80,-0.78993585,-1.231,0.202,benign.support,VUS,407,,yes",,,,,,,,,BS3_supp+BP4,VUS,Yes,LB,Yes
"p.Gly408Ala,0.913523258,0.197537527,56,-0.96186218,-1.203,-0.393,benign.support,VUS,408,,yes",,,,,,,,,BS3_supp+BP4,VUS,Yes,LB,Yes
"p.Ser412Leu,1.147933498,0.277641916,88,-1.237751097,-1.536,0.204,benign.strong,VUS,412,,yes",,,,,,,,,BS3_strong+PM2_supp,VUS,No,VUS,-
"p.Ala413Thr,1.168772066,0.167027408,40,-1.227963302,-1.246,-1.096,benign.strong,VUS,413,,yes",,,,,,,,,BS3_strong+BP4,VUS,Yes,LB,Yes
"p.His415Arg,0.810706647,0.356455527,64,-0.747175711,-1.21,0.517,benign.support,VUS,415,,yes",,,,,,,,,BS3_supp+BS1_strong+BP4,VUS,Yes,LB,Yes
"p.Pro416Ser,1.093759269,0.205620795,48,-1.258747738,-1.263,-0.889,benign.strong,VUS,416,,yes",,,,,,,,,BS3_strong+PM2_supp,VUS,No,VUS,-
"p.Leu417Ile,0.855362557,0.236999101,32,-0.85306273,-1.261,0.151,benign.support,VUS,417,,yes",,,,,,,,,BS3_supp+PM2_supp,VUS,No,VUS,-
"p.Cys419Phe,1.644562254,0.153367676,32,-0.577302929,-1.455,0,benign.support,VUS,419,,yes",,,,,,,,,BS3_supp+PM2_supp,VUS,No,VUS,-
"p.Gly424Asp,1.000488124,0.109623321,16,-1.136764789,-1.254,-0.946,benign.strong,VUS,424,,yes",,,,,,,,,BS3_strong+PM2_supp,VUS,No,VUS,-
"p.Gly424Val,1.249013657,0.101413807,48,-1.193450612,-1.442,-1.194,benign.strong,VUS,424,,yes",,,,,,,,,BS3_strong+PM2_supp,VUS,No,VUS,-
"p.Leu428Val,0.956288577,0.097975301,32,-1.03798276,-1.246,-0.807,benign.strong,VUS,428,,yes",,,,,,,,,BS3_strong+BP4,VUS,Yes,LB,Yes
"p.Ala429Ser,1.092172767,0.172238616,72,-1.259289115,-1.254,-0.909,benign.strong,VUS,429,,yes",,,,,,,,,BS3_strong+BP4,VUS,Yes,LB,Yes
"p.Pro430Leu,1.182494083,0.240638016,88,-1.220810572,-1.321,-0.255,benign.strong,VUS,430,,yes",,,,,,,,,BS3_strong+BP4,VUS,Yes,LB,Yes
"p.Ala432Thr,0.809994444,0.39290785,48,-0.744863111,-1.082,0.335,benign.support,VUS,432,,yes",,,,,,,,,BS3_supp+PM2_supp,VUS,No,VUS,-
"p.Ala432Val,0.872452955,0.290178491,56,-0.890134389,-1.444,0.081,benign.support,VUS,432,,yes",,,,,,,,,BS3_supp+PM2_supp,VUS,No,VUS,-
"p.Cys434Trp,-0.055700032,0.095942503,16,1.154278339,0.668,2.018,patho.moderate,VUS,434,,yes",,,,,,,,,PS3_mod+PM1_mod+PM2_supp+PP3,VUS,Yes,LP,Yes
"p.Gly435Arg,1.02669161,0.130941897,48,-1.174177493,-1.256,-0.379,benign.strong,Conflicting,435,,yes",,,,,,,,,BS3_strong+PM2_supp,"Conflicting, VUS/LB",No,VUS,-
"p.Cys437Tyr,0.215250475,0.151248948,24,0.508763584,0.186,1.021,patho.support,VUS,437,,yes",,,,,,,,,PS3_supp+PM1_mod+PM2_supp+PP3,VUS,No,VUS,-
"p.Gly438Arg,1.09822367,0.308390874,48,-1.257205674,-1.248,0.321,benign.strong,VUS,438,,yes",,,,,,,,,BS3_strong+PM2_supp,VUS,No,VUS,-
"p.Asp439Glu,0.8806692,0.196757405,32,-0.907092285,-1.147,-0.275,benign.support,VUS,439,,yes",,,,,,,,,BS3_supp+PM2_supp,VUS,No,VUS,-
"p.Thr441Ala,1.028161269,0.358261558,56,-1.176018308,-1.542,-0.048,benign.strong,VUS,441,,yes",,,,,,,,,BS3_strong+BP4,VUS,Yes,LB,Yes
"p.Asp442Glu,0.868824033,0.104745364,32,-0.880591918,-1.106,-0.312,benign.support,VUS,442,,yes",,,,,,,,,BS3_supp+PM2_supp,VUS,No,VUS,-
"p.Asp442Gly,1.081412518,0.099430249,64,-1.253124636,-1.255,-1.088,benign.strong,VUS,442,,yes",,,,,,,,,BS3_strong+BP4,VUS,Yes,LB,Yes
"p.Val443Met,1.286636128,0.094986706,16,-1.201756062,-1.321,-1.194,benign.strong,B/LB,443,,yes",,,,,,,,,BS3_strong+BP4,B/LB,No,LB,-
"p.Leu444Pro,0.028111743,0.109806463,64,1.030660946,0.698,1.382,patho.moderate,VUS,444,,yes",,,,,,,,,PS3_mod+PM2_supp+PP3,VUS,No,VUS,-
"p.Arg445Trp,0.803975813,0.14317127,16,-0.726814755,-1.145,0.024,benign.support,VUS,445,,yes",,,,,,,,,BS3_supp+PM2_supp,VUS,No,VUS,-
"p.Cys446Gly,0.143718547,0.136651762,64,0.668448438,0.337,1.43,patho.moderate,VUS,446,,yes",,,,,,,,,PS3_mod+PM1_mod+PM2_supp+PM3_mod+PP3+PP4_mod,VUS,Yes,P,No
"p.His448Gln,1.051830087,0.240232105,16,-1.207453702,-1.282,-0.839,benign.strong,VUS,448,,yes",,,,,,,,,BS3_strong+PM2_supp,VUS,No,VUS,-
"p.Cys449Arg,0.252219495,0.312436437,72,0.444761969,-0.317,1.83,patho.support,VUS,449,,yes",,,,,,,,,PS3_supp+PM1_mod+PM2_supp+PP3,VUS,No,VUS,-
"p.Ala452Thr,0.972692312,0.133096673,32,-1.070470191,-1.208,-0.599,benign.strong,VUS,452,,yes",,,,,,,,,BS3_strong+PM2_supp,VUS,No,VUS,-
"p.Cys457Tyr,0.105099598,0.083278269,16,0.752042609,0.67,1.031,patho.moderate,VUS,457,,yes",,,,,,,,,PS3_mod+PM1_mod+PM2_supp+PP3,VUS,Yes,LP,Yes
"p.Gly462Arg,1.007102231,0.113660669,72,-1.150610192,-1.254,-0.905,benign.strong,VUS,462,,yes",,,,,,,,,BS3_strong+BP4,VUS,Yes,LB,Yes
"p.Gly462Ser,0.981622007,0.227209754,40,-1.089338086,-1.247,-0.637,benign.strong,VUS,462,,yes",,,,,,,,,BS3_strong+BP4,VUS,Yes,LB,Yes
"p.Thr463Ser,1.014345658,0.253637609,48,-1.159130571,-1.581,-0.81,benign.strong,VUS,463,,yes",,,,,,,,,BS3_strong+BP4,VUS,Yes,LB,Yes
"p.Ser464Phe,0.807140414,0.168065709,24,-0.736015734,-1.127,-0.178,benign.support,B/LB,464,,yes",,,,,,,,,BS3_supp+BP4,B/LB,No,LB,-
"p.Ser464Pro,1.208743783,0.221795407,40,-1.205150526,-1.553,-0.042,benign.strong,VUS,464,,yes",,,,,,,,,BS3_strong+BP4,VUS,Yes,LB,Yes
"p.Arg465Pro,0.828527366,0.128927154,24,-0.803722132,-1.237,-0.188,benign.support,VUS,465,,yes",,,,,,,,,BS3_supp+BP4,VUS,Yes,LB,Yes
"p.Pro466Ser,1.080044807,0.450919987,72,-1.25080975,-1.375,-0.217,benign.strong,VUS,466,,yes",,,,,,,,,BS3_strong+BP4,VUS,Yes,LB,Yes
"p.Gly467Ala,0.947429409,0.233676061,56,-1.021377934,-1.254,-0.244,benign.strong,VUS,467,,yes",,,,,,,,,BS3_strong+PM2_supp,VUS,No,VUS,-
"p.Gly467Arg,1.011126406,0.356925378,72,-1.155318221,-1.217,0.072,benign.strong,VUS,467,,yes",,,,,,,,,BS3_strong+PM2_supp,VUS,No,VUS,-
"p.Thr468Arg,0.695628012,0.297005538,88,-0.359141257,-1.239,0.733,benign.support,VUS,468,,yes",,,,,,,,,BS3_supp+BP4,VUS,Yes,LB,Yes
"p.Thr468Met,1.11678442,0.053065976,16,-1.250472197,-1.261,-1.238,benign.strong,VUS,468,,yes",,,,,,,,,BS3_strong+BP4,VUS,Yes,LB,Yes
"p.Leu470Pro,0.862565839,0.209637614,64,-0.867001425,-1.235,0.438,benign.support,VUS,470,,yes",,,,,,,,,BS3_supp+BP4,VUS,Yes,LB,Yes
"p.Arg471Cys,0.214901937,0.101722083,16,0.509420596,0.221,0.946,patho.support,B/LB,471,,yes",,,,,,,,,PS3_supp+BA1,B/LB,NA,"RISK ALLELE FOR NON-MENDELIAN TRAITS, not amenable for ACMG classification",
"p.Arg471His,1.025454331,0.102252834,24,-1.172636443,-1.25,-0.885,benign.strong,VUS,471,,yes",,,,,,,,,BS3_strong+PM2_supp,VUS,No,VUS,-
"p.Cys472Tyr,0.11735827,0.072055681,32,0.722982936,0.501,1.196,patho.moderate,VUS,472,,yes",,,,,,,,,PS3_mod+PM1_mod+PM2_supp+PP3,VUS,Yes,LP,Yes
"p.Arg473Thr,1.055265697,0.222123008,48,-1.212342358,-1.248,-0.441,benign.strong,VUS,473,,yes",,,,,,,,,BS3_strong+BP4,VUS,Yes,LB,Yes
"p.Cys475Tyr,0.094076356,0.157537944,32,0.780301206,0.447,1.336,patho.moderate,VUS,475,,yes",,,,,,,,,PS3_mod+PM1_mod+PM2_supp+PP3,VUS,Yes,LP,Yes
"p.Ser476Leu,0.828504352,0.290121178,96,-0.803661355,-0.907,-0.073,benign.support,VUS,476,,yes",,,,,,,,,BS3_supp+PM2_supp,VUS,No,VUS,-
"p.Asp478Asn,0.708852212,0.056141261,24,-0.391081275,-0.674,-0.159,benign.support,VUS,478,,yes",,,,,,,,,BS3_supp+BP4,VUS,Yes,LB,Yes
"p.Val479Leu,0.811063071,0.293796453,72,-0.748335764,-0.785,0.856,benign.support,VUS,479,,yes",,,,,,,,,BS3_supp+BP4,VUS,Yes,LB,Yes
"p.Val479Met,1.103214009,0.132495114,16,-1.255448077,-1.255,-0.8,benign.strong,Conflicting,479,,yes",,,,,,,,,BS3_strong+BP4,"Conflicting, VUS/LB",Yes,LB,Yes
"p.Pro481Thr,0.703604271,0.134838033,16,-0.377566897,-0.988,-0.037,benign.support,VUS,481,,yes",,,,,,,,,BS3_supp+BP4,VUS,Yes,LB,Yes
"p.Pro483Ala,0.721916822,0.32983829,16,-0.426076464,-1.151,0.514,benign.support,VUS,483,,yes",,,,,,,,,BS3_supp+BP4,VUS,Yes,LB,Yes
"p.Pro483Arg,1.025739815,0.241739795,48,-1.172991321,-1.383,-0.189,benign.strong,VUS,483,,yes",,,,,,,,,BS3_strong+BP4,VUS,Yes,LB,Yes
"p.Pro483Ser,0.811218611,0.265014384,32,-0.74884257,-1.246,0.193,benign.support,VUS,483,,yes",,,,,,,,,BS3_supp+BP4,VUS,Yes,LB,Yes
"p.Pro483Thr,1.455673951,0.117505541,24,-1.445636704,-1.593,-1.247,benign.strong,VUS,483,,yes",,,,,,,,,BS3_strong+BP4,VUS,Yes,LB,Yes
"p.Val484Ala,0.725844644,0.157887264,16,-0.437044231,-1.038,0.006,benign.support,VUS,484,,yes",,,,,,,,,BS3_supp+BP2_supp+BP4,VUS,Yes,LB,Yes
"p.Glu485Val,0.951349449,0.261385007,56,-1.028654999,-1.398,0.06,benign.strong,VUS,485,,yes",,,,,,,,,BS3_strong+BP4,VUS,Yes,LB,Yes
"p.Gly486Arg,0.926454964,0.159171583,96,-0.983976655,-1.256,-0.488,benign.strong,VUS,486,,yes",,,,,,,,,BS3_strong+BP4,VUS,Yes,LB,Yes
"p.Val487Ala,1.017794988,0.186516843,24,-1.163263798,-1.229,-0.911,benign.strong,VUS,487,,yes",,,,,,,,,BS3_strong+BP4,VUS,Yes,LB,Yes
"p.Leu488Met,0.976424331,0.106665626,16,-1.078241225,-1.256,-0.915,benign.strong,VUS,488,,yes",,,,,,,,,BS3_strong+BP4,VUS,Yes,LB,Yes
"p.Ala489Pro,1.008533948,0.245507956,32,-1.152278141,-1.266,-0.804,benign.strong,VUS,489,,yes",,,,,,,,,BS3_strong+BP4,VUS,Yes,LB,Yes
"p.Ala489Val,0.959495113,0.146783463,48,-1.044141346,-1.25,-0.465,benign.strong,VUS,489,,yes",,,,,,,,,BS3_strong+BP4,VUS,Yes,LB,Yes
"p.Pro490Ser,1.106703052,0.198121041,40,-1.254196995,-1.453,-0.9,benign.strong,VUS,490,,yes",,,,,,,,,BS3_strong+BP4,VUS,Yes,LB,Yes
"p.Ser491Asn,0.924548786,0.465883904,24,-0.980680975,-1.55,0.643,benign.strong,VUS,491,,yes",,,,,,,,,BS3_strong+BP4,VUS,Yes,LB,Yes
"p.Pro492Ala,0.731859748,0.502860725,48,-0.454313249,-1.266,0.676,benign.support,VUS,492,,yes",,,,,,,,,BS3_supp+BP4,VUS,Yes,LB,Yes
"p.Ala493Gly,1.151262483,0.182730534,56,-1.236264857,-1.205,-0.814,benign.strong,VUS,493,,yes",,,,,,,,,BS3_strong+BP4,VUS,Yes,LB,Yes
"p.Ala493Thr,0.87795227,0.310234226,40,-0.902574707,-1.59,0.25,benign.support,VUS,493,,yes",,,,,,,,,BS3_supp+BP4,VUS,Yes,LB,Yes
"p.Arg494Cys,0.847136663,0.136522088,24,-0.838118583,-1.228,-0.473,benign.support,VUS,494,,yes",,,,,,,,,BS3_supp+BP4,VUS,Yes,LB,Yes
"p.Gly498Glu,1.102512077,0.103810683,32,-1.255697526,-1.257,-1.106,benign.strong,VUS,498,,yes",,,,,,,,,BS3_strong+BP4,VUS,Yes,LB,Yes
"p.Asp502Val,0.937312405,0.078841731,64,-1.00304834,-1.179,-0.881,benign.strong,VUS,502,,yes",,,,,,,,,BS3_strong+PM2_supp,VUS,No,VUS,-
"p.Asp503Asn,0.851554608,0.059776485,16,-0.846106899,-1.11,-0.643,benign.support,B/LB,503,,yes",,,,,,,,,BS3_supp+BA1+BP4,B/LB,No,B,-
"p.Ser506Gly,0.799392498,0.261420452,32,-0.71372377,-1.185,0.075,benign.support,VUS,506,,yes",,,,,,,,,BS3_supp+BP4,VUS,Yes,LB,Yes
"p.His507Gln,0.897922348,0.13225035,24,-0.935732461,-1.255,-0.498,benign.support,VUS,507,,yes",,,,,,,,,BS3_supp+BP4,VUS,Yes,LB,Yes
"p.His507Leu,1.012165948,0.203727174,80,-1.156544671,-1.234,-0.314,benign.strong,VUS,507,,yes",,,,,,,,,BS3_strong+BP4,VUS,Yes,LB,Yes
"p.Glu508Gln,1.026885275,0.176643082,16,-1.17441942,-1.312,-0.174,benign.strong,VUS,508,,yes",,,,,,,,,BS3_strong+BP4,VUS,Yes,LB,Yes
"p.Pro509Ser,1.162457831,0.169397038,48,-1.231055863,-1.26,-0.99,benign.strong,VUS,509,,yes",,,,,,,,,BS3_strong+BP4,VUS,Yes,LB,Yes
"p.Ala510Pro,1.348265212,0.161793302,40,-1.232812533,-1.562,-1.102,benign.strong,VUS,510,,yes",,,,,,,,,BS3_strong+BP4,VUS,Yes,LB,Yes
"p.Ala510Thr,0.93293515,0.291303345,24,-0.995293389,-1.26,0.216,benign.strong,VUS,510,,yes",,,,,,,,,BS3_strong+BP4,VUS,Yes,LB,Yes
"p.His512Tyr,0.777467268,0.08214826,24,-0.631983394,-1.027,-0.197,benign.support,VUS,512,,yes",,,,,,,,,BS3_supp+BP4,VUS,Yes,LB,Yes
"p.Ser518Phe,1.19976747,0.073948863,24,-1.210834924,-1.255,-1.195,benign.strong,VUS,518,,yes",,,,,,,,,BS3_strong+PM2_supp,VUS,No,VUS,-
"p.Ser521Arg,0.245247356,0.293966572,64,0.456140326,-0.625,1.745,patho.support,VUS,521,,yes",,,,,,,,,PS3_supp+PM2_supp,VUS,No,VUS,-
"p.Gln530Glu,0.289854012,0.211316378,24,0.393494609,-0.027,1.081,patho.support,VUS,530,,yes",,,,,,,,,PS3_supp+PM2_supp,VUS,No,VUS,-
"p.Gln530Leu,-0.017975078,0.137752432,64,1.086560126,0.613,1.526,patho.moderate,VUS,530,,yes",,,,,,,,,PS3_mod+PM2_supp+PP3,VUS,No,VUS,-
"p.Ala532Val,0.836447151,0.136547612,40,-0.819083739,-1.188,-0.333,benign.support,VUS,532,,yes",,,,,,,,,BS3_supp+PM2_supp+PP3,VUS,No,VUS,-
"p.Ser535Arg,0.120468659,0.244098141,80,0.715942212,0.029,2.016,patho.moderate,VUS,535,,yes",,,,,,,,,PS3_mod+PM2_supp,VUS,No,VUS,-
"p.Met536Ile,1.192272639,0.154853796,40,-1.215308813,-1.259,-1.017,benign.strong,VUS,536,,yes",,,,,,,,,BS3_strong_PM2_supp,VUS,No,VUS,-
"p.Arg538Ser,0.733208333,0.231907736,32,-0.458555113,-1.029,0.221,benign.support,VUS,538,,yes",,,,,,,,,BS3_supp+PM2_supp,VUS,No,VUS,-
"p.Pro539Leu,-0.001704143,0.306440434,88,1.064189858,0.066,1.687,patho.moderate,P/LP,539,,yes",,,,,,,,,PS3_mod+PM1_mod+PM2_supp+PM3_mod+PP3+PP4_mod,P/LP,No,P,-
"p.Pro539Thr,0.931465927,0.202563883,40,-0.992711317,-1.236,-0.029,benign.strong,VUS,539,,yes",,,,,,,,,BS3_strong+PM1_mod+PM2_supp+PM5_supp,VUS,No,VUS,-
"p.Ala540Val,1.112296148,0.138563926,64,-1.252151308,-1.244,-0.932,benign.strong,VUS,540,,yes",,,,,,,,,BS3_strong+BP4,VUS,Yes,LB,Yes
"p.Ala541Val,1.096930476,0.194168058,56,-1.257655239,-1.253,-1.027,benign.strong,VUS,541,,yes",,,,,,,,,BS3_strong+BP4,VUS,Yes,LB,Yes
"p.Pro544Thr,0.985013114,0.487824944,40,-1.097337583,-1.615,0.312,benign.strong,VUS,544,,yes",,,,,,,,,BS3_strong+BP4,VUS,Yes,LB,Yes