allele 1 cDNA,allele 1 protein,allele 2 cDNA,allele 2 protein,Phenotypes
c.22C<T,p.(Arg8Cys),c.402del,alamut,"Add, HP, Alo"
c.22C<T,p.(Arg8Cys),c.967_979del,p.(Leu323SerfsTer51),"Add, HP, CMC, EH, Mal"
c.32T>C,p.(Leu11Pro),c.32T>C,p.(Leu11Pro),"CMC, HP"
c.38T>C,p.(Leu13Pro),c.769C>T,p.(Arg257Ter),"CMC, Add, Alo, EH"
c.43C>T,p.(Arg15Cys),,,"CMC, HP, Hep, Add, T1D, Myo"
c.44G>A,p.(Arg15His),c.44G>A,p.(Arg15His),"Add, HP, CMC, HT, POI, CAG, Spl"
c.44G>A,p.(Arg15His),c.44G>A,p.(Arg15His),"HP, CMC"
c.44G>T,p.(Arg15Leu),c.967_979del,p.(Leu323SerfsTer51),"CMC, TF, HP, Add, Hep"
c.47C>G,p.(Thr16Arg),c.47C>G,p.(Thr16Arg),"CMC, HP, Add, HT, Spl"
c.47C>T,p.(Thr16Met),c.821del,p.(Gly274AlafsTer104),"HP, Add, T1D, Vit"
c.47C>T,p.(Thr16Met),c.769C>T,p.(Arg257Ter),"Add, CMC, Alo"
c.47C>T,p.(Thr16Met),c.769C>T,p.(Arg257Ter),"CMC, HP, Add, Alo, POI, Mal, HT"
c.47C>T,p.(Thr16Met),c.769C>T,p.(Arg257Ter),"CMC, Add, PA, Alo"
c.55G>A,p.(Ala19Thr),c.769C>T,p.(Arg257Ter),"CMC, HP, Add, Epi, Cat"
c.62C>T,p.(Ala21Val), c.1096-1G>A,p.?,"ILD, CMC, Add, HP, Alo, Mal, PA, Gin, Ker"
c.62C>T,p.(Ala21Val),c.967_979del,p.(Leu323SerfsTer51),"CMC, Add, HP, ND"
c.62C>T,p.(Ala21Val),c.967_979del,p.(Leu323SerfsTer51),"CMC, Add, HP, ND"
c.62C>T,p.(Ala21Val),c.967_979del,p.(Leu323SerfsTer51),"CMC, Add, HP, "
c.83T>C,p.(Leu28Pro),c.1249del,p.(Leu417TyrfsTer63),"CMC, Add, T1D, Mal, RedA, SCC"
c.86T>C,p.(Leu29Pro),c.1096-1G>C,p.?,"CMC, HP, Add, RedA"
c.86T>C,p.(Leu29Pro),c.1096-1G>C,p.?,"CMC, Hep, T1D, Myo"
c.100G>A,p.(Asp34Asn),c.967_979del,p.(Leu323SerfsTer51),"CMC, Hep, ND"
c.173C>A,p.(Ala58Asp),c.173C>A,p.(Ala58Asp),"CMC, Add, HP, Hep, Ker, Alo"
c.173C>T,p.(Ala58Val),c.769C>T,p.(Arg257Ter),"CMC, HP, Add, Alo, HT"
c.173C>T,p.(Ala58Val),c.769C>T,p.(Arg257Ter),"CMC, HP"
c.173C>T,p.(Ala58Val),c.173C>T,p.(Ala58Val),"CMC, HP, Add, Alo, EH"
c.173C>T,p.(Ala58Val),c.173C>T,p.(Ala58Val),"CMC, HP, Add, Mal, EH"
c.173C>T,p.(Ala58Val),c.769C>T,p.(Arg257Ter),"HP, Vit"
c.173C>T,p.(Ala58Val),c.769C>T,p.(Arg257Ter),"HP, MD, FA, GR, Mal"
c.173C>T,p.(Ala58Val),c.769C>T,p.(Arg257Ter),"CMC, HP, Add, T1D"
c.195G>T,p.(Trp65Cys),c.165del,p.(Gln57ArgfsTer11),HP
c.202A>C,p.(Thr68Pro),c.967_979del,p.(Leu323SerfsTer51),HP
c.206A>C,p.(Gln69Pro),c.206A>C,p.(Gln69Pro),"HP, Add, Mal, EH, Cat"
c.230T>C,p.(Phe77Ser),c.994+5G>T,p.?,"HP, CMC, Add"
c.232T>C,p.(Trp78Arg),c.769C>T,p.(Arg257Ter),"CMC, HP, Add, Alo, POI"
c.232T>C,p.(Trp78Arg),c.769C>T,p.(Arg257Ter),"CMC, HP, Add, Mal, POI, Alo, EH, RP"
c.232T>C,p.(Trp78Arg),c.232T>C,p.(Trp78Arg),"CMC, Add, Alo, Ble"
c.232T>C,p.(Trp78Arg),c.769C>T,p.(Arg257Ter),"CMC, Add, HP, Mal, Spl, POI"
c.232T>C,p.(Trp78Arg),c.232T>C,p.(Trp78Arg),"HP, Add, HT"
c.232T>C,p.(Trp78Arg),c.232T>C,p.(Trp78Arg),"CMC, Add, ND, Hep, HT"
c.239T>G,p.(Val80Gly),c.239T>G,p.(Val80Gly),"CMC, HP, Add, HT, EH"
c.239T>G,p.(Val80Gly),c.239T>G,p.(Val80Gly),"CMC, HP, Add, POI, Alo, PA, T1D"
c.239T>G,p.(Val80Gly),c.239T>G,p.(Val80Gly),"CMC, HP, Add, HT, Vit, Ker, EH"
c.260T>C,p.(Leu87Pro),c.260T>C,p.(Leu87Pro),"CMC, HP, Add, Ker"
c.260T>C,p.(Leu87Pro),c.967_979del,p.(Leu323SerfsTer51),"CMC, HP, ND, Hep"
c.268T>C,p.(Tyr90His),c.1265del,p.(Pro422LeufsTer58),"CMC, HP, Fev, ND, Urt "
c.269A>G,p.(Tyr90Cys),c.769C>T,p.(Arg257Ter),"CMC, HP"
c.269A>G,p.(Tyr90Cys),c.769C>T,p.(Arg257Ter),"CMC, HP, Hep(†)"
c.269A>G,p.(Tyr90Cys),c.269A>G,p.(Tyr90Cys),"Add, EH, CMC, HT"
c.274C>T,p.(Arg92Trp),c.769C>T,p.(Arg257Ter),"Add(†), HT, TF"
c.274C>T,p.(Arg92Trp),c.769C>T,p.(Arg257Ter),"Add, HP, EH, HT"
c.274C>T,p.(Arg92Trp),c.967_979del,p.(Leu323SerfsTer51),"Add, TF, Alo, JA"
c.278T>G,p.(Leu93Arg),c.967_979del,p.(Leu323SerfsTer51),"CMC, Add, Hep, HP, Ker, ExP, Alo, EH, Hyp, POI, T1D"
c.290T>C,p.(Leu97Pro),c.967_979del,p.(Leu323SerfsTer51),"CMC, Add, HP, Hep, T1D, Dia"
c.396G>C,p.(Arg132Ser),c.396G>C,p.(Arg132Ser),"CMC, Add, HP, ND, ILD, Vit, POI, HT, EH"
c.463G>A,p.(Gly155Ser),c.463G>A,p.(Gly155Ser),"HP, Add, Epi, PA, Ker, T1D"
c.463G>A,p.(Gly155Ser),c.463G>A,p.(Gly155Ser),"CMC, HP, EncV, Epi"
c.622G>T,p.(Gly208Trp),,,"CMC, HP, Mal, PA"
c.623G>T,p.(Gly208Val),,,"HP, POI, RedA, T1D"
c.682G>T,p.(Gly228Trp),,,"HT, HP, CAG"
c.682G>T,p.(Gly228Trp),,,"HT, CAG"
c.682G>T,p.(Gly228Trp),,,"HT, HP"
c.682G>T,p.(Gly228Trp),,,HT
c.722G>T,p.(Ser241Ile),,,ADEM
c.739C>T,p.(Arg247Cys),,,T1D
c.739C>T,p.(Arg247Cys),,,RA
c.748A>T,p.(Ser250Cys),,,"Alo, ND, Ig"
c.892G>A,p.(Glu298Lys),c.769C>T,p.(Arg257Ter),"HP, CMC, Add, Mal, Hep, POI, EH"
c.892G>A,p.(Glu298Lys),c.769C>T,p.(Arg257Ter),"CMC, Add, HP, POI, PA, JA, OT"
c.905G>A,p.(Cys302Tyr),,,HP
c.905G>A,p.(Cys302Tyr),,,HP
c.908G>C,p.(Arg303Pro),,,"HP, POI, GH"
c.913G>A,p.(Gly305Ser),,,PA
c.913G>A,p.(Gly305Ser),,,"T1D, HT, CAG, HEP"
c.922C>T,p.(Leu308Phe),c.739del,p.(Arg247AlafsTer131),"CMC, HP, EH"
c.932G>A,p.(Cys311Tyr),,,"CMC, Add, PA, EH"
c.932G>A,p.(Cys311Tyr),,,"HP, PA, POI, EH"
c.932G>A,p.(Cys311Tyr),,,"Alo, ND"
c.932G>A,p.(Cys311Tyr),,,"HP, POI"
c.932G>A,p.(Cys311Tyr),c.769C>T,p.(Arg257Ter),"CMC, Add, POI, Alo"
c.932G>A,p.(Cys311Tyr),c.769C>T,p.(Arg257Ter),"CMC, Add, HP, POI, Alo"
c.932G>A,p.(Cys311Tyr),,,PA
c.932G>A,p.(Cys311Tyr),,,"PA, Vit"
c.934G>A,p.(Asp312Asn),,,"HP, POI, PA, Mal, EH"
c.934G>A,p.(Asp312Asn),,,"Add, CMC, PA, T1D, Ker"
c.934G>A,p.(Asp312Asn),,,"HP, POI, EH"
c.964T>C,p.(Cys322Arg),c.964T>C,p.(Cys322Arg),"HP, Add, EH"
c.977C>T,p.(Pro326Leu),c.967_979del,p.(Leu323SerfsTer51),"Add, HeLo, PA, Vit, EH, Mal, Pt"
c.977C>T,p.(Pro326Leu),,,PA
c.977C>T,p.(Pro326Leu),,,"Add, PA, HT, Vit"
c.977C>T,p.(Pro326Leu),,,Vit
c.977C>T,p.(Pro326Leu),,,Vit
c.983G>A,p.(Arg328Gln),,,"Vit, CAG"
c.1195G>C,p.(Ala399Pro),c.967_979del,p.(Leu323SerfsTer51),"CMC, HP, Add, Alo, PA"
c.1256G>A,p.(Cys419Tyr),,,AE
c.1336T>G,p.(Cys446Gly),c.769C>T,p.(Arg257Ter),"CMC, Add, HP, HT, T1D, Alo, EH, POI"
c.1438A>G,p.(Thr480Ala),,,MOG
c.1616C>T,p.(Pro539Leu),c.1616C>T,p.(Pro539Leu),"CMC, HP, ND, Alo, Vit, EH, PA"